folder_id,file,optimization,bin_size
LXWP,LXWP1.c,-O0,15992
LXWP,LXWP1.c,-O0,15992
LXWP,LXWP1.c,-O0,15992
LXWP,LXWP1.c,-O0,15992
LXWP,LXWP1.c,-O0,15992
LXWP,LXWP1.c,-O0,15992
LXWP,LXWP1.c,-O0,15992
LXWP,LXWP1.c,-O0,15992
LXWP,LXWP1.c,-O0,15992
LXWP,LXWP1.c,-O0,15992
LXWP,LXWP1.c,-O1,15992
LXWP,LXWP1.c,-O1,15992
LXWP,LXWP1.c,-O1,15992
LXWP,LXWP1.c,-O1,15992
LXWP,LXWP1.c,-O1,15992
LXWP,LXWP1.c,-O1,15992
LXWP,LXWP1.c,-O1,15992
LXWP,LXWP1.c,-O1,15992
LXWP,LXWP1.c,-O1,15992
LXWP,LXWP1.c,-O1,15992
LXWP,LXWP1.c,-O2,15992
LXWP,LXWP1.c,-O2,15992
LXWP,LXWP1.c,-O2,15992
LXWP,LXWP1.c,-O2,15992
LXWP,LXWP1.c,-O2,15992
LXWP,LXWP1.c,-O2,15992
LXWP,LXWP1.c,-O2,15992
LXWP,LXWP1.c,-O2,15992
LXWP,LXWP1.c,-O2,15992
LXWP,LXWP1.c,-O2,15992
LXWP,LXWP1.c,-O3,15992
LXWP,LXWP1.c,-O3,15992
LXWP,LXWP1.c,-O3,15992
LXWP,LXWP1.c,-O3,15992
LXWP,LXWP1.c,-O3,15992
LXWP,LXWP1.c,-O3,15992
LXWP,LXWP1.c,-O3,15992
LXWP,LXWP1.c,-O3,15992
LXWP,LXWP1.c,-O3,15992
LXWP,LXWP1.c,-O3,15992
LXWP,LXWP1.c,-Os,15992
LXWP,LXWP1.c,-Os,15992
LXWP,LXWP1.c,-Os,15992
LXWP,LXWP1.c,-Os,15992
LXWP,LXWP1.c,-Os,15992
LXWP,LXWP1.c,-Os,15992
LXWP,LXWP1.c,-Os,15992
LXWP,LXWP1.c,-Os,15992
LXWP,LXWP1.c,-Os,15992
LXWP,LXWP1.c,-Os,15992
LXWP,LXWP1.c,-Ofast,17504
LXWP,LXWP1.c,-Ofast,17504
LXWP,LXWP1.c,-Ofast,17504
LXWP,LXWP1.c,-Ofast,17504
LXWP,LXWP1.c,-Ofast,17504
LXWP,LXWP1.c,-Ofast,17504
LXWP,LXWP1.c,-Ofast,17504
LXWP,LXWP1.c,-Ofast,17504
LXWP,LXWP1.c,-Ofast,17504
LXWP,LXWP1.c,-Ofast,17504
LXWP,LXWP2.c,-O0,16040
LXWP,LXWP2.c,-O0,16040
LXWP,LXWP2.c,-O0,16040
LXWP,LXWP2.c,-O0,16040
LXWP,LXWP2.c,-O0,16040
LXWP,LXWP2.c,-O0,16040
LXWP,LXWP2.c,-O0,16040
LXWP,LXWP2.c,-O0,16040
LXWP,LXWP2.c,-O0,16040
LXWP,LXWP2.c,-O0,16040
LXWP,LXWP2.c,-O1,15800
LXWP,LXWP2.c,-O1,15800
LXWP,LXWP2.c,-O1,15800
LXWP,LXWP2.c,-O1,15800
LXWP,LXWP2.c,-O1,15800
LXWP,LXWP2.c,-O1,15800
LXWP,LXWP2.c,-O1,15800
LXWP,LXWP2.c,-O1,15800
LXWP,LXWP2.c,-O1,15800
LXWP,LXWP2.c,-O1,15800
LXWP,LXWP2.c,-O2,15800
LXWP,LXWP2.c,-O2,15800
LXWP,LXWP2.c,-O2,15800
LXWP,LXWP2.c,-O2,15800
LXWP,LXWP2.c,-O2,15800
LXWP,LXWP2.c,-O2,15800
LXWP,LXWP2.c,-O2,15800
LXWP,LXWP2.c,-O2,15800
LXWP,LXWP2.c,-O2,15800
LXWP,LXWP2.c,-O2,15800
LXWP,LXWP2.c,-O3,15800
LXWP,LXWP2.c,-O3,15800
LXWP,LXWP2.c,-O3,15800
LXWP,LXWP2.c,-O3,15800
LXWP,LXWP2.c,-O3,15800
LXWP,LXWP2.c,-O3,15800
LXWP,LXWP2.c,-O3,15800
LXWP,LXWP2.c,-O3,15800
LXWP,LXWP2.c,-O3,15800
LXWP,LXWP2.c,-O3,15800
LXWP,LXWP2.c,-Os,15800
LXWP,LXWP2.c,-Os,15800
LXWP,LXWP2.c,-Os,15800
LXWP,LXWP2.c,-Os,15800
LXWP,LXWP2.c,-Os,15800
LXWP,LXWP2.c,-Os,15800
LXWP,LXWP2.c,-Os,15800
LXWP,LXWP2.c,-Os,15800
LXWP,LXWP2.c,-Os,15800
LXWP,LXWP2.c,-Os,15800
LXWP,LXWP2.c,-Ofast,17312
LXWP,LXWP2.c,-Ofast,17312
LXWP,LXWP2.c,-Ofast,17312
LXWP,LXWP2.c,-Ofast,17312
LXWP,LXWP2.c,-Ofast,17312
LXWP,LXWP2.c,-Ofast,17312
LXWP,LXWP2.c,-Ofast,17312
LXWP,LXWP2.c,-Ofast,17312
LXWP,LXWP2.c,-Ofast,17312
LXWP,LXWP2.c,-Ofast,17312
LXWP,LXWP3.c,-O0,16040
LXWP,LXWP3.c,-O0,16040
LXWP,LXWP3.c,-O0,16040
LXWP,LXWP3.c,-O0,16040
LXWP,LXWP3.c,-O0,16040
LXWP,LXWP3.c,-O0,16040
LXWP,LXWP3.c,-O0,16040
LXWP,LXWP3.c,-O0,16040
LXWP,LXWP3.c,-O0,16040
LXWP,LXWP3.c,-O0,16040
LXWP,LXWP3.c,-O1,15800
LXWP,LXWP3.c,-O1,15800
LXWP,LXWP3.c,-O1,15800
LXWP,LXWP3.c,-O1,15800
LXWP,LXWP3.c,-O1,15800
LXWP,LXWP3.c,-O1,15800
LXWP,LXWP3.c,-O1,15800
LXWP,LXWP3.c,-O1,15800
LXWP,LXWP3.c,-O1,15800
LXWP,LXWP3.c,-O1,15800
LXWP,LXWP3.c,-O2,15800
LXWP,LXWP3.c,-O2,15800
LXWP,LXWP3.c,-O2,15800
LXWP,LXWP3.c,-O2,15800
LXWP,LXWP3.c,-O2,15800
LXWP,LXWP3.c,-O2,15800
LXWP,LXWP3.c,-O2,15800
LXWP,LXWP3.c,-O2,15800
LXWP,LXWP3.c,-O2,15800
LXWP,LXWP3.c,-O2,15800
LXWP,LXWP3.c,-O3,15800
LXWP,LXWP3.c,-O3,15800
LXWP,LXWP3.c,-O3,15800
LXWP,LXWP3.c,-O3,15800
LXWP,LXWP3.c,-O3,15800
LXWP,LXWP3.c,-O3,15800
LXWP,LXWP3.c,-O3,15800
LXWP,LXWP3.c,-O3,15800
LXWP,LXWP3.c,-O3,15800
LXWP,LXWP3.c,-O3,15800
LXWP,LXWP3.c,-Os,15800
LXWP,LXWP3.c,-Os,15800
LXWP,LXWP3.c,-Os,15800
LXWP,LXWP3.c,-Os,15800
LXWP,LXWP3.c,-Os,15800
LXWP,LXWP3.c,-Os,15800
LXWP,LXWP3.c,-Os,15800
LXWP,LXWP3.c,-Os,15800
LXWP,LXWP3.c,-Os,15800
LXWP,LXWP3.c,-Os,15800
LXWP,LXWP3.c,-Ofast,17312
LXWP,LXWP3.c,-Ofast,17312
LXWP,LXWP3.c,-Ofast,17312
LXWP,LXWP3.c,-Ofast,17312
LXWP,LXWP3.c,-Ofast,17312
LXWP,LXWP3.c,-Ofast,17312
LXWP,LXWP3.c,-Ofast,17312
LXWP,LXWP3.c,-Ofast,17312
LXWP,LXWP3.c,-Ofast,17312
LXWP,LXWP3.c,-Ofast,17312
EATI,EATI1.c,-O0,15992
EATI,EATI1.c,-O0,15992
EATI,EATI1.c,-O0,15992
EATI,EATI1.c,-O0,15992
EATI,EATI1.c,-O0,15992
EATI,EATI1.c,-O0,15992
EATI,EATI1.c,-O0,15992
EATI,EATI1.c,-O0,15992
EATI,EATI1.c,-O0,15992
EATI,EATI1.c,-O0,15992
EATI,EATI1.c,-O1,15992
EATI,EATI1.c,-O1,15992
EATI,EATI1.c,-O1,15992
EATI,EATI1.c,-O1,15992
EATI,EATI1.c,-O1,15992
EATI,EATI1.c,-O1,15992
EATI,EATI1.c,-O1,15992
EATI,EATI1.c,-O1,15992
EATI,EATI1.c,-O1,15992
EATI,EATI1.c,-O1,15992
EATI,EATI1.c,-O2,15992
EATI,EATI1.c,-O2,15992
EATI,EATI1.c,-O2,15992
EATI,EATI1.c,-O2,15992
EATI,EATI1.c,-O2,15992
EATI,EATI1.c,-O2,15992
EATI,EATI1.c,-O2,15992
EATI,EATI1.c,-O2,15992
EATI,EATI1.c,-O2,15992
EATI,EATI1.c,-O2,15992
EATI,EATI1.c,-O3,15992
EATI,EATI1.c,-O3,15992
EATI,EATI1.c,-O3,15992
EATI,EATI1.c,-O3,15992
EATI,EATI1.c,-O3,15992
EATI,EATI1.c,-O3,15992
EATI,EATI1.c,-O3,15992
EATI,EATI1.c,-O3,15992
EATI,EATI1.c,-O3,15992
EATI,EATI1.c,-O3,15992
EATI,EATI1.c,-Os,15992
EATI,EATI1.c,-Os,15992
EATI,EATI1.c,-Os,15992
EATI,EATI1.c,-Os,15992
EATI,EATI1.c,-Os,15992
EATI,EATI1.c,-Os,15992
EATI,EATI1.c,-Os,15992
EATI,EATI1.c,-Os,15992
EATI,EATI1.c,-Os,15992
EATI,EATI1.c,-Os,15992
EATI,EATI1.c,-Ofast,17504
EATI,EATI1.c,-Ofast,17504
EATI,EATI1.c,-Ofast,17504
EATI,EATI1.c,-Ofast,17504
EATI,EATI1.c,-Ofast,17504
EATI,EATI1.c,-Ofast,17504
EATI,EATI1.c,-Ofast,17504
EATI,EATI1.c,-Ofast,17504
EATI,EATI1.c,-Ofast,17504
EATI,EATI1.c,-Ofast,17504
EATI,EATI2.c,-O0,15992
EATI,EATI2.c,-O0,15992
EATI,EATI2.c,-O0,15992
EATI,EATI2.c,-O0,15992
EATI,EATI2.c,-O0,15992
EATI,EATI2.c,-O0,15992
EATI,EATI2.c,-O0,15992
EATI,EATI2.c,-O0,15992
EATI,EATI2.c,-O0,15992
EATI,EATI2.c,-O0,15992
EATI,EATI2.c,-O1,15992
EATI,EATI2.c,-O1,15992
EATI,EATI2.c,-O1,15992
EATI,EATI2.c,-O1,15992
EATI,EATI2.c,-O1,15992
EATI,EATI2.c,-O1,15992
EATI,EATI2.c,-O1,15992
EATI,EATI2.c,-O1,15992
EATI,EATI2.c,-O1,15992
EATI,EATI2.c,-O1,15992
EATI,EATI2.c,-O2,15992
EATI,EATI2.c,-O2,15992
EATI,EATI2.c,-O2,15992
EATI,EATI2.c,-O2,15992
EATI,EATI2.c,-O2,15992
EATI,EATI2.c,-O2,15992
EATI,EATI2.c,-O2,15992
EATI,EATI2.c,-O2,15992
EATI,EATI2.c,-O2,15992
EATI,EATI2.c,-O2,15992
EATI,EATI2.c,-O3,15992
EATI,EATI2.c,-O3,15992
EATI,EATI2.c,-O3,15992
EATI,EATI2.c,-O3,15992
EATI,EATI2.c,-O3,15992
EATI,EATI2.c,-O3,15992
EATI,EATI2.c,-O3,15992
EATI,EATI2.c,-O3,15992
EATI,EATI2.c,-O3,15992
EATI,EATI2.c,-O3,15992
EATI,EATI2.c,-Os,15992
EATI,EATI2.c,-Os,15992
EATI,EATI2.c,-Os,15992
EATI,EATI2.c,-Os,15992
EATI,EATI2.c,-Os,15992
EATI,EATI2.c,-Os,15992
EATI,EATI2.c,-Os,15992
EATI,EATI2.c,-Os,15992
EATI,EATI2.c,-Os,15992
EATI,EATI2.c,-Os,15992
EATI,EATI2.c,-Ofast,17504
EATI,EATI2.c,-Ofast,17504
EATI,EATI2.c,-Ofast,17504
EATI,EATI2.c,-Ofast,17504
EATI,EATI2.c,-Ofast,17504
EATI,EATI2.c,-Ofast,17504
EATI,EATI2.c,-Ofast,17504
EATI,EATI2.c,-Ofast,17504
EATI,EATI2.c,-Ofast,17504
EATI,EATI2.c,-Ofast,17504
EATI,EATI3.c,-O0,15992
EATI,EATI3.c,-O0,15992
EATI,EATI3.c,-O0,15992
EATI,EATI3.c,-O0,15992
EATI,EATI3.c,-O0,15992
EATI,EATI3.c,-O0,15992
EATI,EATI3.c,-O0,15992
EATI,EATI3.c,-O0,15992
EATI,EATI3.c,-O0,15992
EATI,EATI3.c,-O0,15992
EATI,EATI3.c,-O1,15992
EATI,EATI3.c,-O1,15992
EATI,EATI3.c,-O1,15992
EATI,EATI3.c,-O1,15992
EATI,EATI3.c,-O1,15992
EATI,EATI3.c,-O1,15992
EATI,EATI3.c,-O1,15992
EATI,EATI3.c,-O1,15992
EATI,EATI3.c,-O1,15992
EATI,EATI3.c,-O1,15992
EATI,EATI3.c,-O2,15992
EATI,EATI3.c,-O2,15992
EATI,EATI3.c,-O2,15992
EATI,EATI3.c,-O2,15992
EATI,EATI3.c,-O2,15992
EATI,EATI3.c,-O2,15992
EATI,EATI3.c,-O2,15992
EATI,EATI3.c,-O2,15992
EATI,EATI3.c,-O2,15992
EATI,EATI3.c,-O2,15992
EATI,EATI3.c,-O3,15992
EATI,EATI3.c,-O3,15992
EATI,EATI3.c,-O3,15992
EATI,EATI3.c,-O3,15992
EATI,EATI3.c,-O3,15992
EATI,EATI3.c,-O3,15992
EATI,EATI3.c,-O3,15992
EATI,EATI3.c,-O3,15992
EATI,EATI3.c,-O3,15992
EATI,EATI3.c,-O3,15992
EATI,EATI3.c,-Os,15992
EATI,EATI3.c,-Os,15992
EATI,EATI3.c,-Os,15992
EATI,EATI3.c,-Os,15992
EATI,EATI3.c,-Os,15992
EATI,EATI3.c,-Os,15992
EATI,EATI3.c,-Os,15992
EATI,EATI3.c,-Os,15992
EATI,EATI3.c,-Os,15992
EATI,EATI3.c,-Os,15992
EATI,EATI3.c,-Ofast,17504
EATI,EATI3.c,-Ofast,17504
EATI,EATI3.c,-Ofast,17504
EATI,EATI3.c,-Ofast,17504
EATI,EATI3.c,-Ofast,17504
EATI,EATI3.c,-Ofast,17504
EATI,EATI3.c,-Ofast,17504
EATI,EATI3.c,-Ofast,17504
EATI,EATI3.c,-Ofast,17504
EATI,EATI3.c,-Ofast,17504
